id,first_name,last_name,email,age,country,company,job_title,signup_date
1,Ashley,Davis,rmiddleton@example.org,64,Guyana,Martin Ltd,Actuary,2021-01-31
2,Donald,Allen,apratt@example.org,29,Albania,Boyd-Moore,Theatre stage manager,2021-07-31
3,David,Gibson,susan63@example.org,50,Saint Vincent and the Grenadines,Simmons-Robinson,Musician,2024-12-26
4,Vincent,Mccarthy,clarkkathy@example.net,33,Ethiopia,Myers-White,Personnel officer,2023-02-18
5,James,Alexander,tyronedominguez@example.net,55,Bermuda,Parrish-Graves,Community arts worker,2024-03-05
6,Elizabeth,Smith,ericsilva@example.org,69,Guinea-Bissau,"Reilly, Walton and Cooper",Further education lecturer,2025-04-07
7,Mary,Watkins,mooremichelle@example.com,34,Kyrgyz Republic,"Murphy, Burton and Miller",Estate manager/land agent,2023-02-16
8,Joel,Norton,sonya65@example.com,28,France,"Mendoza, Ramsey and Williams",Podiatrist,2024-09-01
9,Brandy,Kim,paul38@example.com,41,Guernsey,Skinner-Neal,Environmental health practitioner,2022-09-14
10,Nancy,Steele,millermichael@example.com,28,Ireland,"Gill, Nguyen and Kennedy",Risk manager,2021-03-11
11,Nicole,Curry,francesnovak@example.net,34,Lao People's Democratic Republic,Olson Ltd,Barrister's clerk,2023-03-23
12,Douglas,Johnson,amyholloway@example.net,35,Yemen,Jones Inc,Interior and spatial designer,2024-09-13
13,Bridget,Acosta,ttorres@example.org,67,Kiribati,Parker-Bonilla,"Embryologist, clinical",2025-12-03
14,Vicki,Gray,sethdunn@example.com,41,Bahrain,Roberts-Gutierrez,Database administrator,2023-08-09
15,Brian,Harris,christine50@example.net,45,Seychelles,Jordan-Smith,"Pharmacist, hospital",2023-04-04
16,Trevor,Kerr,jennifer95@example.org,20,Solomon Islands,Hamilton-Evans,Barista,2023-07-12
17,Tina,Rodriguez,campbellscott@example.com,24,Panama,Johnson-Spencer,"Lighting technician, broadcasting/film/video",2025-02-08
18,Brian,Hudson,lori45@example.com,67,Bouvet Island (Bouvetoya),"Gomez, Allen and Mcfarland",Writer,2025-02-07
19,Lauren,Brown,sanchezdakota@example.org,67,Vietnam,Taylor Group,"Teacher, adult education",2025-05-14
20,Jessica,Haley,samanthamoore@example.org,22,Bulgaria,Cuevas and Sons,Technical author,2025-07-15
21,Gina,Bean,aprilberg@example.org,55,Niger,Bernard-Wright,"Administrator, local government",2021-10-05
22,Ruben,Yu,alexander28@example.org,36,Uganda,"Anderson, Reid and Fisher",Systems analyst,2021-02-09
23,Vincent,Bryan,debbie39@example.org,39,Tonga,"Hernandez, Foster and Rogers","Programmer, applications",2023-02-22
24,Francisco,Anderson,kimberly41@example.com,41,Sao Tome and Principe,Bell Group,Civil Service administrator,2022-12-06
25,David,Russell,justinscott@example.com,26,Reunion,Kim-Williamson,Banker,2025-11-27
26,Mary,Lopez,kaylee70@example.org,45,Bermuda,"Fitzgerald, Thompson and Medina",Marketing executive,2022-10-16
27,Carla,Mcdonald,jcook@example.org,24,Australia,"Dillon, Nicholson and Reyes","Conservation officer, historic buildings",2024-07-31
28,Frank,Sullivan,christian33@example.com,52,Kazakhstan,Sanchez PLC,Games developer,2025-04-16
29,Douglas,Moss,brittany71@example.net,18,Nepal,Ellis Ltd,"Teacher, early years/pre",2023-05-14
30,April,Lewis,tprice@example.net,68,Cambodia,Cooper-Nelson,Ceramics designer,2021-02-24
31,Gordon,Richards,george25@example.org,39,North Macedonia,Rubio and Sons,Clinical research associate,2022-11-22
32,Shelly,Palmer,taramendez@example.com,32,Bahrain,"Scott, Ford and Mathews",Neurosurgeon,2025-01-28
33,Cheryl,Thomas,mary90@example.org,41,Sweden,Green-Prince,"Teacher, English as a foreign language",2025-10-30
34,Lauren,Smith,ramirezclifford@example.com,52,Nicaragua,Ross LLC,Public relations account executive,2021-06-17
35,Billy,House,cruzchelsea@example.org,47,Bhutan,Perez Ltd,Press photographer,2024-03-24
36,Gabriel,James,nicolemiranda@example.net,18,Ecuador,Schultz and Sons,Recycling officer,2024-04-24
37,Cindy,Davenport,stonerobin@example.com,60,Wallis and Futuna,"Benson, Davis and Willis","Sales professional, IT",2024-05-17
38,Juan,Harris,stevenevans@example.com,36,Congo,"Knight, Singleton and Miller",Special educational needs teacher,2023-05-07
39,Amanda,Mcintyre,martinvillanueva@example.com,57,Thailand,Gould PLC,Chief Marketing Officer,2024-10-13
40,Kristin,Hancock,wigginstheodore@example.net,47,Czech Republic,Davis Inc,Equality and diversity officer,2021-06-15
41,Emily,Bauer,katiefernandez@example.net,43,Syrian Arab Republic,"Miles, Smith and Griffin",Counsellor,2021-05-27
42,Connie,Landry,bradleymitchell@example.net,29,Thailand,Ellison-Hall,"Surveyor, hydrographic",2023-04-09
43,Whitney,Wells,hunterkristy@example.org,29,El Salvador,Chavez-Bruce,Insurance risk surveyor,2021-11-18
44,Bryan,Bailey,qandrade@example.com,24,Cape Verde,"Davis, Rodriguez and Soto",Industrial/product designer,2022-04-17
45,Amber,Lopez,longzachary@example.com,18,Guadeloupe,Chavez-Young,Agricultural engineer,2021-02-19
46,Monica,Brown,kellyteresa@example.org,64,United States of America,Vance-Bowen,Corporate treasurer,2023-11-18
47,Lisa,Mendoza,jeremynichols@example.net,55,Sri Lanka,"Barnes, Romero and Mitchell",Customer service manager,2021-06-01
48,Mary,Day,hprice@example.net,64,Ethiopia,Church-Wilkins,Amenity horticulturist,2025-04-25
49,Renee,Gardner,sanchezkristin@example.org,32,Greece,"Schroeder, Adams and Smith",Orthoptist,2022-08-03
50,Ricardo,Lowe,rowemichael@example.net,50,Fiji,Combs Inc,Solicitor,2024-11-13
51,Theresa,Lowe,tracyprince@example.com,25,Western Sahara,"Henderson, Austin and Powell",Economist,2021-02-02
52,Matthew,Spencer,ochandler@example.com,55,Chile,Hansen-Robbins,Interior and spatial designer,2023-06-09
53,Jesse,Allen,ysanchez@example.net,32,Lao People's Democratic Republic,Gonzales-Carroll,Paediatric nurse,2025-03-27
54,Debbie,Silva,taylormckinney@example.org,58,Vietnam,Johnson Inc,Air broker,2022-05-06
55,Marc,Frank,sbell@example.net,21,Taiwan,"Brown, Gibbs and Townsend",Systems developer,2024-11-07
56,Corey,Smith,xmorgan@example.org,50,Fiji,"Hood, Atkins and Mullins",Personal assistant,2025-01-04
57,Andrea,Evans,rmckee@example.com,45,Lebanon,Franco PLC,Clinical research associate,2023-09-17
58,Donna,Mayer,utravis@example.net,69,Samoa,Richards-Mcintyre,Aid worker,2024-12-03
59,Darlene,Williamson,zachary02@example.org,42,Saudi Arabia,"Rogers, Brown and Moreno","Engineer, petroleum",2023-07-30
60,David,Hernandez,jaime88@example.net,36,Montenegro,Harrington-Higgins,Brewing technologist,2023-05-22
61,Tammy,Collins,kimberly10@example.com,50,Norway,Hayes-Perez,Media buyer,2023-06-16
62,Gloria,Scott,lmullen@example.com,35,Antarctica (the territory South of 60 deg S),Montes-Lee,Games developer,2025-10-18
63,Margaret,Freeman,jenniferwelch@example.com,63,Albania,Evans-Morales,Merchant navy officer,2025-01-20
64,Sandra,Rosales,hammondwilliam@example.net,21,Malawi,"Dawson, Trevino and Meyer",Market researcher,2022-06-16
65,Elizabeth,Daniels,hlittle@example.net,56,Tuvalu,Myers-Harmon,Bonds trader,2024-07-21
66,Michael,Giles,brettwilliams@example.org,44,Montenegro,"Escobar, Brown and Johnson",Human resources officer,2022-08-13
67,Tara,Cunningham,patrickferguson@example.com,68,South Georgia and the South Sandwich Islands,"Hudson, Fox and Holmes",Sports coach,2024-11-19
68,Sandra,Allen,dsaunders@example.org,20,Myanmar,Duran and Sons,Equality and diversity officer,2021-10-19
69,Kristin,Carter,woodwardemily@example.net,31,Libyan Arab Jamahiriya,"Hebert, Banks and Webb","Designer, interior/spatial",2022-07-03
70,Sheila,Steele,matthewsmary@example.net,66,Kenya,Jones-Fox,Mechanical engineer,2024-06-26
71,Sarah,Bennett,christopherwade@example.org,42,Paraguay,Davies and Sons,"Librarian, academic",2025-07-23
72,Aaron,Santos,michael53@example.com,59,Oman,"Cannon, Fox and Thomas",Public librarian,2024-07-23
73,Christopher,Sharp,seanrodriguez@example.org,20,India,Thomas PLC,Plant breeder/geneticist,2025-08-20
74,Sean,Case,eheath@example.net,36,Kyrgyz Republic,Mcdonald-Reyes,"Engineer, water",2023-09-11
75,Christopher,White,nicolewong@example.org,43,Slovakia (Slovak Republic),"Leonard, Daniels and King","Psychologist, occupational",2025-01-08
76,Lisa,Castro,rlittle@example.net,20,Tunisia,"Ross, Freeman and Li",Firefighter,2022-07-29
77,Brittany,Wheeler,holdenmark@example.net,43,Netherlands,"Mahoney, Mooney and Martin","Editor, commissioning",2022-06-10
78,Michael,Freeman,qmcguire@example.org,22,United Arab Emirates,Brown-Richardson,Production engineer,2023-08-31
79,Amanda,Davis,james84@example.net,32,Turkey,"Conner, Alexander and Landry","Teacher, special educational needs",2023-06-10
80,Shelby,Butler,ctaylor@example.com,24,Kazakhstan,"Williams, Gonzalez and Powell",Geophysical data processor,2021-12-27
81,Jennifer,Morales,michelleedwards@example.org,37,Syrian Arab Republic,"Jones, Spears and Davis",Software engineer,2021-04-20
82,Erik,Olsen,alexandrajones@example.org,45,Samoa,Dominguez LLC,Warden/ranger,2024-01-14
83,Valerie,Owens,housevanessa@example.org,20,Tanzania,"Morgan, Thompson and Martinez",Technical brewer,2024-10-07
84,Cesar,Schultz,marshallsean@example.org,43,Anguilla,Ramos and Sons,Video editor,2021-04-27
85,Nicole,Padilla,jamie33@example.com,29,Korea,Bryan Inc,"Copywriter, advertising",2025-12-29
86,Leslie,Taylor,cassandra26@example.com,33,Niue,Ramos-Cole,Politician's assistant,2025-05-12
87,Thomas,Allen,mgreen@example.com,30,Ukraine,"Vega, Alvarez and Valdez",Financial adviser,2021-02-25
88,Shannon,Pratt,timothybecker@example.com,39,Saint Kitts and Nevis,Johnson Inc,Contracting civil engineer,2023-06-21
89,Laura,Schultz,knightkelsey@example.net,56,Niue,Chandler-Thomas,Audiological scientist,2021-08-01
90,Peter,Rodgers,elizabeth74@example.com,43,Colombia,Steele LLC,Warden/ranger,2021-11-23
91,Courtney,Wilcox,stephanie84@example.net,21,Maldives,"Sparks, Lawson and Scott","Therapist, occupational",2022-06-11
92,Kenneth,Moody,nperez@example.org,25,Romania,"Robinson, Chavez and Campbell",Health service manager,2023-10-06
93,Jaclyn,Patrick,matthewsilva@example.com,44,Djibouti,Smith and Sons,Patent examiner,2025-07-28
94,Mary,Carrillo,jennifer36@example.com,28,Libyan Arab Jamahiriya,Spencer PLC,Retail merchandiser,2024-01-19
95,Kristin,Williams,gwebster@example.com,31,Norfolk Island,"Thompson, Martin and Werner",Waste management officer,2022-12-16
96,Christopher,Cook,vcasey@example.org,66,Saint Barthelemy,"Morgan, Vaughan and Brown",Contracting civil engineer,2024-04-16
97,Jacob,Brown,johnsonpatricia@example.org,69,Nigeria,"Nelson, Higgins and Poole",Clinical embryologist,2024-10-06
98,Kevin,Fox,dakota34@example.com,34,Angola,Neal-Moore,Magazine features editor,2021-01-17
99,Lisa,Phillips,hubbardjessica@example.org,59,Algeria,James-Jenkins,Jewellery designer,2025-01-03
100,Shawn,Flowers,michael13@example.com,53,Indonesia,Ortiz Ltd,Financial planner,2023-06-13
101,Paula,Olson,cmoore@example.com,70,Lebanon,Wilson Inc,"Radiographer, therapeutic",2025-12-14
102,Jacob,Burton,apetty@example.org,43,Bermuda,Bradley-Cuevas,TEFL teacher,2024-11-28
103,David,Jones,hillwilliam@example.org,37,Australia,"Guzman, Fletcher and Rocha",Technical sales engineer,2022-11-12
104,Jason,Santiago,paul43@example.org,22,Tokelau,"Lewis, Weber and Mccullough",Chief of Staff,2024-12-15
105,Blake,Mcdonald,ydavis@example.net,60,Bouvet Island (Bouvetoya),Frey-Collins,Retail merchandiser,2022-04-28
106,Nicole,Mccarthy,john40@example.net,18,Guinea,Clark Inc,Physiotherapist,2021-07-05
107,Kelsey,Taylor,morgan00@example.org,28,Poland,"Pittman, Mitchell and Anderson",Passenger transport manager,2023-04-08
108,Justin,Schultz,kevinlopez@example.net,57,United States Virgin Islands,Wright and Sons,Film/video editor,2024-04-18
109,David,Vazquez,thomaschristine@example.com,59,Norfolk Island,Gonzalez-Henderson,"Administrator, arts",2022-04-09
110,Michael,Barron,tbrown@example.net,49,Bolivia,"Ferguson, Barry and Butler","Engineer, production",2022-08-19
111,Wendy,Ray,hhill@example.net,40,France,"Boyer, Robinson and Jacobs",Consulting civil engineer,2025-02-15
112,Timothy,Gentry,sterrell@example.net,28,Cyprus,Moore-Wilson,"Engineer, civil (consulting)",2025-03-30
113,Morgan,Fowler,vmorales@example.net,28,United States of America,Francis Inc,"Scientist, research (maths)",2024-10-25
114,Melissa,Pierce,lindsayperry@example.org,20,Guatemala,"Nelson, Hoffman and Brown",Agricultural consultant,2025-01-16
115,Emily,Bartlett,ambermoore@example.net,30,Gibraltar,"Ortiz, Cook and Adams",Textile designer,2021-11-09
116,Anthony,Reeves,amandaanderson@example.org,48,Vanuatu,"Gordon, Yoder and Sellers",Special educational needs teacher,2024-05-18
117,Douglas,Hammond,thomas11@example.org,60,Mali,Marquez-Sanders,Tree surgeon,2022-07-03
118,Victoria,Ayala,mooregeorge@example.com,62,Qatar,"King, Alexander and Johnson",Petroleum engineer,2025-03-26
119,Craig,Levy,singhdonald@example.net,50,Congo,Taylor-Williams,"Surveyor, building control",2023-04-21
120,Deborah,Molina,xpena@example.com,34,Thailand,Holmes Group,Counselling psychologist,2023-05-17
121,Debra,Hanson,smithedward@example.org,64,Belize,Wilcox Inc,Occupational hygienist,2022-05-09
122,Amber,Figueroa,omar05@example.net,47,Barbados,Martin Ltd,Herbalist,2024-01-17
123,Yolanda,Bennett,egray@example.net,28,Switzerland,Gregory-Vega,Probation officer,2024-10-15
124,Dawn,Lopez,jeremiah19@example.net,25,Slovakia (Slovak Republic),Wilcox PLC,Pensions consultant,2025-02-06
125,Jennifer,Castro,samanthahunter@example.com,47,Bhutan,Fowler-Berry,Clinical molecular geneticist,2022-05-07
126,Rebecca,Marsh,hberry@example.com,42,Cook Islands,"Johnson, White and Quinn",Restaurant manager,2022-10-01
127,Joseph,Roberts,jennifersmith@example.com,51,United Kingdom,Livingston-Jensen,Software engineer,2023-05-09
128,Lori,Perkins,gardnerelizabeth@example.org,53,Saint Kitts and Nevis,"Patterson, Watkins and Jefferson",Midwife,2025-12-25
129,Christina,Johnson,frederick33@example.org,56,Armenia,"Jackson, Barnes and Rios","Therapist, music",2022-07-06
130,Erin,Vasquez,allison13@example.com,42,Kiribati,"Coleman, Silva and Robinson",Ergonomist,2021-12-02
131,Harold,Rogers,amartin@example.com,53,Iran,Harvey Group,Sports therapist,2022-07-03
132,Brianna,Frazier,uwilliams@example.com,49,Tunisia,Dean and Sons,Training and development officer,2022-07-08
133,Edward,Zamora,maldonadomary@example.net,65,Bolivia,"Hoffman, Christensen and White",Actuary,2023-08-25
134,George,Marshall,aaron01@example.com,66,Martinique,"Gray, Maynard and Ryan",Adult guidance worker,2021-02-27
135,Kevin,Anderson,rodriguezkatherine@example.net,36,Turkmenistan,Young-Haney,Dealer,2024-11-24
136,Angela,Simon,walkerkaren@example.net,34,Bermuda,"Luna, Brown and Wood","Conservator, furniture",2021-09-11
137,Jose,Howell,xreynolds@example.com,24,Brazil,Hernandez LLC,Chemical engineer,2021-09-18
138,Nicholas,Mason,sarah17@example.net,56,Uganda,Johnson-Smith,Pensions consultant,2021-04-21
139,John,Hansen,lisa33@example.net,42,French Guiana,Diaz LLC,Dealer,2023-07-25
140,Heather,Cannon,ashley98@example.net,18,Bangladesh,"Carlson, Gibson and Glass",Cytogeneticist,2021-02-16
141,Jonathan,Delgado,sarahross@example.com,44,Hong Kong,"Kerr, Maddox and Lucas",Civil Service administrator,2021-09-10
142,Brianna,Mason,andersontyler@example.com,68,Faroe Islands,Delgado-Collins,Control and instrumentation engineer,2025-08-20
143,Jennifer,Guerrero,sophiaramirez@example.com,39,Bosnia and Herzegovina,"Cuevas, Davis and Keith","Scientist, marine",2023-02-23
144,Brian,Thompson,sarah28@example.net,38,Isle of Man,Williams-Howard,"Editor, magazine features",2025-11-14
145,Beverly,Dean,brian10@example.com,41,Kuwait,Davis-Pierce,Solicitor,2023-07-26
146,Donna,Bruce,spencer57@example.com,21,Nepal,Mckay and Sons,Accommodation manager,2021-10-20
147,Marisa,Rodriguez,nfowler@example.net,49,Japan,Padilla and Sons,Building services engineer,2024-12-29
148,Amanda,Black,simmonscatherine@example.net,68,Egypt,"Turner, Phillips and Williams",Editorial assistant,2025-12-22
149,Donald,Burns,ramosashley@example.com,59,Kenya,Wright-Hamilton,"Journalist, broadcasting",2021-05-06
150,Elizabeth,Chang,zking@example.net,56,Kenya,Henderson PLC,Product designer,2022-12-17
151,Ricky,White,kedwards@example.com,23,Palau,"Mejia, Morris and Mills",Radio producer,2023-01-13
152,Ryan,Nelson,deanna81@example.net,25,Palestinian Territory,Tucker-Lee,Television camera operator,2025-10-27
153,Jose,Aguirre,reedbrian@example.net,62,Guyana,"Hopkins, Wu and Kramer",Higher education careers adviser,2021-11-15
154,Robert,Perez,qhoffman@example.net,24,Cyprus,Rowland-Ramirez,"Scientist, physiological",2025-03-07
155,David,Rios,paigegarcia@example.com,60,Tonga,Davis-Bradley,Associate Professor,2021-09-02
156,Stephen,Roberts,bridgeschristopher@example.org,63,Norway,Baker LLC,Event organiser,2023-04-01
157,Timothy,Hart,jill12@example.org,45,Ukraine,Palmer-Brown,Structural engineer,2021-07-28
158,Gregory,Taylor,sarah47@example.org,45,American Samoa,Chapman-Pittman,Medical physicist,2022-11-24
159,Samuel,Ryan,kathryn16@example.org,49,El Salvador,Mathews-Shepard,Sports development officer,2023-12-04
160,Daniel,Anderson,collinschelsea@example.net,56,Vietnam,Cruz-Mitchell,"Clinical scientist, histocompatibility and immunogenetics",2022-01-23
161,James,Mills,sara18@example.org,48,Saudi Arabia,Porter and Sons,Plant breeder/geneticist,2025-01-06
162,Michael,Davis,cooksarah@example.net,70,Turkey,Murray LLC,Data processing manager,2023-02-10
163,Lisa,Reyes,george67@example.org,25,Brunei Darussalam,"Wall, Ellis and Moore",Geoscientist,2023-07-09
164,Edward,Flores,kevinmcneil@example.net,28,Mauritania,Alvarez-Norris,Herpetologist,2022-04-06
165,Rose,Shepard,ericksonwhitney@example.net,68,Singapore,Branch Inc,"Therapist, nutritional",2022-05-04
166,Gabriel,Brooks,marshalljames@example.org,22,Hungary,Miranda-Smith,Sport and exercise psychologist,2025-05-19
167,Jermaine,Powell,knorris@example.com,49,Ireland,Phillips Group,Waste management officer,2021-06-13
168,Charles,Maxwell,jonathanjones@example.com,32,Chile,"Mosley, Morris and Marquez",Chief Marketing Officer,2021-01-01
169,Robert,Nicholson,ogriffin@example.net,52,Belarus,Serrano-Mitchell,Hydrologist,2024-02-27
170,Diane,Rogers,christopher89@example.com,49,San Marino,Kelly-Hurley,Financial manager,2025-06-12
171,James,Taylor,christopher52@example.net,38,Cambodia,"Richardson, Duncan and Willis",Academic librarian,2021-06-17
172,Taylor,Peters,lindsay40@example.com,25,Uzbekistan,Duran-Murphy,Sports therapist,2022-05-18
173,Rachel,Harris,maria14@example.com,35,Jamaica,Sullivan LLC,"Doctor, general practice",2023-01-16
174,Shannon,Palmer,matthew85@example.net,41,Congo,"Waters, Green and Ortiz","Engineer, manufacturing systems",2022-03-07
175,Janice,Schmitt,aaron70@example.com,49,Zambia,"Moore, Conley and Davis",IT technical support officer,2022-12-24
176,Melinda,Hunter,aschwartz@example.com,26,El Salvador,Wallace PLC,Bonds trader,2025-10-30
177,April,Harvey,robert41@example.net,47,Germany,Young Ltd,Historic buildings inspector/conservation officer,2022-02-15
178,Mandy,Hall,ibaker@example.com,55,Turkey,"Smith, Foley and Lynch",Building surveyor,2021-03-02
179,Alyssa,Hall,bhughes@example.com,48,Gabon,Taylor Group,Clothing/textile technologist,2023-12-31
180,Susan,Foster,monicasanchez@example.org,43,Czech Republic,Daniels Group,"Pharmacist, hospital",2025-08-04
181,Nancy,Willis,jade49@example.org,38,Gabon,Mcguire-Carroll,"Pilot, airline",2021-07-25
182,Thomas,Hansen,mary67@example.net,31,United States Virgin Islands,Hernandez-Daugherty,Chartered public finance accountant,2023-06-13
183,Anthony,Holt,kjoyce@example.net,24,Bhutan,Cox PLC,Licensed conveyancer,2023-07-18
184,Aaron,Bush,scott70@example.com,61,Canada,Phillips-Jones,Civil Service fast streamer,2023-06-07
185,Ricardo,Petersen,scott68@example.com,63,Guam,Aguilar and Sons,Radio producer,2022-01-13
186,Philip,Vega,maxwellhuber@example.com,24,Suriname,Hoover and Sons,"Sales professional, IT",2021-01-16
187,Maria,Hatfield,fjones@example.com,24,Singapore,Mitchell PLC,Graphic designer,2024-02-08
188,Kristin,Lee,liualexander@example.com,53,Congo,"Griffith, Beltran and Martinez",Astronomer,2022-10-05
189,Megan,Calderon,sydney74@example.net,21,Russian Federation,"Anderson, Wright and Garcia",Investment analyst,2025-10-08
190,James,Scott,zkelly@example.net,56,Saint Lucia,Jackson-Morris,"Exhibitions officer, museum/gallery",2023-03-21
191,Timothy,Alexander,jacob41@example.com,19,Holy See (Vatican City State),Hayes-Matthews,"Therapist, drama",2023-07-12
192,Timothy,Gray,taylorjulie@example.org,23,Jordan,"Walker, Mendoza and Padilla",Chief Marketing Officer,2025-02-18
193,Clayton,Walker,brian18@example.net,23,Ecuador,Miller-Richardson,Ranger/warden,2022-09-06
194,Joshua,Powell,watsonkaylee@example.org,45,Afghanistan,Proctor-Cunningham,"Therapist, art",2023-08-09
195,Stephen,Steele,jennifer56@example.org,35,Togo,Williams Group,"Engineer, energy",2021-04-04
196,Tammy,White,hdiaz@example.org,69,New Zealand,"Thompson, Pitts and Warner",Chief Strategy Officer,2021-10-12
197,Marvin,Jacobs,msantos@example.net,36,Uganda,"Thomas, Brown and Bell",Pension scheme manager,2024-01-03
198,Richard,Martin,williamsandrea@example.net,40,Lebanon,"Reed, Ferguson and Brandt","Merchandiser, retail",2023-07-14
199,Richard,Mitchell,christophergarcia@example.net,48,Kiribati,Odom and Sons,"Embryologist, clinical",2021-10-13
200,James,Porter,nbautista@example.net,35,Eritrea,"Wong, Love and Meadows",Barista,2024-11-20
201,Mary,Jones,yestrada@example.net,59,Iceland,Kennedy Group,"Teacher, secondary school",2022-08-19
202,Karen,Frost,iburke@example.com,60,French Polynesia,Jones-Parks,Tour manager,2023-01-09
203,Chase,Moore,bowenmichael@example.org,55,Cuba,Barker LLC,Furniture conservator/restorer,2025-10-19
204,Sheri,Roberts,xsmith@example.com,34,Anguilla,"Moss, Dickson and Jordan",Graphic designer,2024-04-26
205,Jeanne,Johnson,imcdonald@example.org,30,Ghana,"Patrick, Scott and Smith",Public librarian,2022-05-25
206,Travis,Nelson,grayaaron@example.net,53,Faroe Islands,"Stephens, Williams and Baldwin",Dispensing optician,2021-04-27
207,Luis,Mccarthy,acastillo@example.com,32,Northern Mariana Islands,Ward-Serrano,Multimedia specialist,2024-08-04
208,James,Hall,cohenteresa@example.com,61,Turks and Caicos Islands,Meyer-James,"Therapist, music",2024-08-13
209,Gregory,Crawford,samantha75@example.net,61,Italy,Waller Group,Technical brewer,2022-09-16
210,Jamie,Frazier,ann21@example.net,64,Puerto Rico,"Frank, Chung and Lynn",Agricultural consultant,2022-01-05
211,Jennifer,Rose,wendypaul@example.com,61,Sudan,Murphy-Adkins,Economist,2025-08-18
212,Thomas,Roberts,hailey39@example.net,28,Cameroon,"Rodriguez, Foley and Gilbert","Engineer, agricultural",2022-01-22
213,Andrew,Moore,odixon@example.com,69,Mayotte,Riley Group,"Surveyor, rural practice",2024-04-06
214,Joseph,Moore,johnsonjames@example.com,35,Uganda,Miller-Ramirez,Civil Service fast streamer,2021-12-30
215,Jenna,Ramirez,bakeranna@example.com,60,Argentina,Smith-Johnson,Textile designer,2022-03-08
216,Jacob,Alexander,pattersonemily@example.org,33,Micronesia,Nelson LLC,Research scientist (physical sciences),2021-09-06
217,Robert,Hall,escott@example.net,32,Saint Barthelemy,"Bright, Chavez and Brown",Dancer,2022-07-20
218,Amanda,Brown,ronald56@example.org,45,Cambodia,Walsh-Cole,Tourist information centre manager,2025-11-21
219,Marvin,Ryan,cavila@example.org,32,Slovakia (Slovak Republic),Jackson Ltd,Economist,2024-06-30
220,Courtney,Flynn,xbrown@example.com,39,Guam,Hernandez PLC,Public affairs consultant,2023-06-16
221,Frank,Kirby,williamperez@example.org,65,Anguilla,Murphy PLC,Pension scheme manager,2023-02-16
222,Shawn,Wilson,bellsara@example.org,21,Falkland Islands (Malvinas),Brown-Curtis,Science writer,2022-04-26
223,Karl,Singh,tvasquez@example.org,63,Mayotte,Elliott and Sons,"Biochemist, clinical",2025-08-22
224,Ralph,Smith,alyssa91@example.com,70,United States Virgin Islands,Hernandez LLC,"Conservator, furniture",2022-05-09
225,Russell,Scott,davidwise@example.org,41,Saint Pierre and Miquelon,"Carpenter, Garrett and Wallace",Dispensing optician,2022-12-15
226,Barbara,Bass,amydavis@example.org,62,Romania,Wade-Perez,Photographer,2024-11-10
227,Helen,Rodriguez,damon33@example.com,70,Azerbaijan,Arroyo Group,Personnel officer,2025-03-25
228,Anna,Myers,bethany03@example.net,28,Philippines,Webb LLC,Lexicographer,2025-09-26
229,Samantha,Palmer,josephmeza@example.net,21,Dominican Republic,"Parker, Morris and Nash","Teacher, primary school",2022-11-27
230,Alvin,Hansen,julia63@example.com,64,Ecuador,Wise Group,"Therapist, occupational",2021-04-19
231,Brenda,Banks,rneal@example.net,61,Gibraltar,"Anderson, Daniel and Young",Marine scientist,2022-12-15
232,Brandon,Warren,fwallace@example.org,67,Slovakia (Slovak Republic),"Smith, West and Rogers",Analytical chemist,2023-11-30
233,Darrell,Roberts,nathansimmons@example.com,45,Macao,"Morrison, Rodriguez and Perez",Warehouse manager,2023-06-08
234,Kelly,Reed,nicole96@example.net,54,Brazil,Richardson Group,Minerals surveyor,2023-05-17
235,Andre,Allen,coreybartlett@example.net,49,Uganda,Lewis Inc,Art therapist,2021-10-14
236,Anthony,Frank,aliciamiller@example.com,62,Finland,Oliver LLC,Land,2024-12-16
237,Shannon,Howell,xhinton@example.org,45,Japan,"Ramos, Young and Reeves",Materials engineer,2025-06-15
238,Courtney,Walker,vreed@example.net,37,Mauritania,Griffin-Calhoun,Government social research officer,2025-11-09
239,Diane,Baird,potterstephanie@example.org,63,Sri Lanka,"Vargas, Curtis and Wang",Forensic psychologist,2025-08-20
240,Mitchell,Cummings,veronica46@example.com,57,Tunisia,Williamson LLC,"Engineer, water",2025-10-09
241,Tim,Jones,byrdmary@example.net,37,Azerbaijan,Foster and Sons,Barrister's clerk,2023-12-14
242,Karen,Clark,reedemily@example.com,51,Brunei Darussalam,"Harris, Baker and Nguyen","Surveyor, mining",2025-07-08
243,Jennifer,Cummings,gpatterson@example.net,37,United States of America,"Miranda, Davis and Hall",Secondary school teacher,2022-10-05
244,Jeanette,Hughes,jnorris@example.org,23,Cote d'Ivoire,"Williams, Aguirre and Gomez",Heritage manager,2021-03-24
245,Kristin,Calhoun,erodriguez@example.org,36,Marshall Islands,"Carroll, Bradley and Austin",Theatre manager,2022-10-20
246,Brandy,Beck,vkelly@example.com,46,Sri Lanka,"Russell, Herrera and Miller",Pensions consultant,2022-11-30
247,Denise,Perez,bsims@example.com,37,Georgia,Clark-Reyes,Print production planner,2022-10-27
248,Jason,Jones,francesweaver@example.com,20,Papua New Guinea,Wilson PLC,Community education officer,2022-09-08
249,Amber,Chung,obright@example.org,56,Mozambique,"Sherman, Jones and Rodriguez",Event organiser,2023-05-20
250,Nancy,Roberson,syang@example.net,36,Zimbabwe,"Roberts, Morales and Mcclure","Lighting technician, broadcasting/film/video",2023-04-18
251,Gregory,Hall,emma04@example.net,56,Marshall Islands,Esparza PLC,Ship broker,2025-08-27
252,Taylor,Davis,kerrtoni@example.net,68,Palestinian Territory,"Lane, Evans and Chen",Community development worker,2022-03-04
253,Victoria,Thomas,ariaslisa@example.com,67,Philippines,Huber PLC,Quarry manager,2024-07-12
254,Sarah,Nichols,jennifer48@example.com,44,Cape Verde,"Kelly, Hawkins and Decker",Diagnostic radiographer,2022-06-20
255,Catherine,Grant,kchaney@example.net,55,French Southern Territories,Lee-Maldonado,Lexicographer,2025-07-22
256,Maureen,Ramsey,jeffrey86@example.org,29,Reunion,Hobbs PLC,Government social research officer,2024-10-04
257,Laura,Reeves,xbowen@example.net,48,New Caledonia,"Brown, Johnson and Knight",Forensic psychologist,2023-07-09
258,Sean,Hayes,annerobinson@example.net,33,Namibia,Rivers-Wilson,"Designer, industrial/product",2023-06-11
259,Michelle,Martinez,zachary31@example.net,24,Mozambique,"Hughes, Velazquez and Bailey","Surveyor, insurance",2021-02-07
260,Melinda,Moore,echerry@example.org,52,Sao Tome and Principe,"Thomas, Murray and Marsh",Electrical engineer,2021-08-02
261,Thomas,Hicks,iansmith@example.net,48,Cook Islands,"Love, Dillon and Thomas",Adult guidance worker,2021-11-27
262,Eric,Aguilar,carrolldanielle@example.org,67,Georgia,"Meadows, Wilkerson and Brown",Make,2024-11-26
263,Diana,Nicholson,garygonzalez@example.net,40,Monaco,"Green, Graham and Kline",Arts development officer,2022-12-03
264,Brittany,Ferrell,sandy42@example.com,62,Tajikistan,Mitchell-Davis,Retail banker,2023-09-29
265,Tami,Hess,brianmurray@example.org,37,Canada,Donaldson-Stewart,Biomedical engineer,2025-11-29
266,Ronald,Hughes,peterjones@example.org,70,Guadeloupe,Vasquez Group,Homeopath,2022-11-17
267,Wendy,Davila,bwalker@example.net,46,Ethiopia,"Mcdowell, Morgan and Richards",Senior tax professional/tax inspector,2023-04-09
268,Kevin,Stewart,jared38@example.com,68,Algeria,Mueller-Cross,Jewellery designer,2024-02-07
269,Amy,Kim,cdixon@example.org,48,Cuba,Cole Ltd,"Teacher, secondary school",2024-10-16
270,Robert,Taylor,blairbetty@example.org,20,New Caledonia,Franco-Hill,Video editor,2023-08-25
271,Tina,Tate,troy21@example.org,34,Mauritius,"Padilla, Hicks and Garrison",Dispensing optician,2024-10-08
272,Rickey,Heath,abryant@example.com,36,Luxembourg,Ortiz-Jackson,Barrister,2025-10-16
273,Christopher,Scott,jamesethan@example.org,70,Brunei Darussalam,Guerrero-Jacobs,"Conservation officer, nature",2023-03-31
274,Kenneth,Price,gilbertlee@example.com,55,Tonga,Allen Inc,Occupational psychologist,2021-10-03
275,Diana,Maynard,dsmith@example.com,67,Timor-Leste,Abbott-Morgan,Technical author,2023-01-20
276,Hannah,Baker,christopherhopkins@example.net,22,Martinique,Weaver Ltd,Advertising account planner,2021-10-07
277,Scott,Garcia,imartin@example.net,53,El Salvador,Murphy Inc,Social researcher,2022-07-06
278,Gail,Atkins,dayandrew@example.org,29,Belarus,Fisher LLC,Medical laboratory scientific officer,2021-03-14
279,Jennifer,Klein,jeremy67@example.org,35,Solomon Islands,Harrison and Sons,Operational researcher,2024-10-13
280,Jason,Tucker,brad31@example.org,30,Micronesia,"Cook, Taylor and Moore",Arboriculturist,2023-11-14
281,Jennifer,Kirk,elizabeth86@example.com,30,Anguilla,Cox-Vance,Fisheries officer,2022-12-30
282,George,Morgan,richard38@example.net,26,Timor-Leste,Mills-Richard,"Research officer, government",2023-09-26
283,James,Bryant,rioslori@example.org,21,Nauru,"Medina, Atkinson and Richardson",Physiotherapist,2022-01-02
284,Kim,Bell,wallacekenneth@example.com,28,Brunei Darussalam,Sanchez-Page,Logistics and distribution manager,2025-01-27
285,Terri,Saunders,wendyherring@example.org,31,Tonga,Wagner LLC,Intelligence analyst,2023-03-03
286,Kara,Larsen,gonzalezcatherine@example.org,42,Albania,Mack-Fletcher,Environmental education officer,2021-05-05
287,Matthew,Shaw,qhernandez@example.org,31,United States of America,Peterson PLC,Neurosurgeon,2025-05-22
288,Daniel,Tyler,kellyelizabeth@example.net,69,Swaziland,Jenkins Group,Mechanical engineer,2025-07-22
289,Jonathan,Baldwin,floreserin@example.org,53,Iceland,"Benitez, Williamson and Conley",Physiological scientist,2023-06-09
290,Sarah,Chapman,darrellsmith@example.com,62,Tajikistan,"Rubio, Hughes and Wilson",Garment/textile technologist,2021-10-07
291,Michael,Silva,phelpssara@example.com,20,Tokelau,Lynch Group,Newspaper journalist,2021-09-15
292,Steven,Green,jacksondamon@example.net,55,Yemen,Durham Group,Architectural technologist,2024-07-28
293,Jennifer,Lynch,vegajamie@example.net,26,Saint Pierre and Miquelon,Sampson Ltd,"Education officer, community",2021-01-07
294,Tina,Whitaker,seangordon@example.org,49,Turkey,Martinez PLC,Editorial assistant,2022-07-31
295,Catherine,Murphy,taylorallen@example.net,38,Malaysia,West Inc,Advertising account planner,2021-10-10
296,Jennifer,Long,villanuevatammy@example.net,54,Kuwait,Guerra and Sons,Emergency planning/management officer,2025-05-26
297,Jason,Curry,kimdavid@example.net,62,Portugal,Small-Navarro,Multimedia programmer,2025-02-25
298,Eric,Young,williamadkins@example.net,66,Senegal,"Herring, Owens and Morrison",Teaching laboratory technician,2024-09-22
299,Lisa,Lee,darryl69@example.org,26,Congo,Williams and Sons,Cartographer,2021-11-23
300,Helen,Cunningham,williamschristopher@example.com,52,Vanuatu,Smith-Chapman,"Civil engineer, consulting",2023-04-25
301,Danny,Lucas,brownandre@example.com,41,Jordan,Johnson-Davis,Purchasing manager,2021-12-15
302,Sandra,Powers,frederickjoseph@example.org,56,Brunei Darussalam,Woods-Burnett,"Engineer, manufacturing",2024-02-13
303,Jason,Maddox,wjones@example.org,46,Comoros,"Kelley, Smith and Thompson","Therapist, speech and language",2023-10-29
304,David,Adkins,autumn96@example.com,32,Eritrea,Morrow-Kim,Community arts worker,2025-06-27
305,Ariel,Bates,williamsmatthew@example.org,58,Kyrgyz Republic,Murphy PLC,Armed forces training and education officer,2022-10-09
306,Gilbert,Lee,zoeknight@example.org,64,Gabon,Young Ltd,"Designer, television/film set",2024-05-24
307,Paul,Terrell,arthur54@example.net,25,Kyrgyz Republic,Stephens and Sons,Passenger transport manager,2021-09-24
308,Rita,Davis,johnjones@example.org,25,United Arab Emirates,Cabrera Group,Lawyer,2025-08-25
309,Jennifer,Friedman,francesnelson@example.org,43,Suriname,Hutchinson Inc,Hospital pharmacist,2023-09-12
310,Michael,Tran,robersonerica@example.com,60,Singapore,Trevino-Adams,Learning disability nurse,2023-05-30
311,Melissa,Floyd,allisonclark@example.com,64,Guam,Maynard PLC,"Designer, interior/spatial",2023-11-19
312,Heather,Klein,tristan97@example.com,21,Netherlands Antilles,Buck LLC,Licensed conveyancer,2024-05-13
313,Dennis,Turner,harrisoncarolyn@example.org,26,Kuwait,Sellers Inc,Equality and diversity officer,2023-10-20
314,Jeffrey,Grant,shawn19@example.com,42,China,Moore Ltd,Garment/textile technologist,2024-09-15
315,Brandon,Weaver,david92@example.net,41,Iraq,Simpson Group,Mudlogger,2021-10-19
316,Eric,Adams,gamblenicole@example.net,34,Andorra,"Larsen, Rogers and Mcgrath",Chief of Staff,2022-07-04
317,Manuel,Pierce,angela27@example.net,31,Tanzania,Mclaughlin PLC,Financial planner,2022-12-17
318,Shari,Porter,gregoryvance@example.com,26,Andorra,Anderson-Carr,"Engineer, mining",2024-04-24
319,Victor,Williams,thompsonlaurie@example.org,56,Kuwait,Clark Group,Materials engineer,2024-01-12
320,Jeffrey,Rosales,randolphtracy@example.org,69,Korea,Lee Inc,Advertising art director,2021-01-14
321,Kevin,Torres,prestonwebster@example.com,56,South Africa,Lang-Davis,"Therapist, drama",2022-01-10
322,Brandy,Suarez,robinhanson@example.com,60,Western Sahara,"White, Gross and Mcguire",Dietitian,2023-09-27
323,Todd,Henderson,john19@example.org,50,Antigua and Barbuda,Williams-Wright,"Optician, dispensing",2023-04-22
324,Frances,Harper,ashley31@example.org,25,Turkmenistan,"Foster, Wilson and Sawyer","Scientist, research (maths)",2024-03-06
325,Gordon,Smith,thompsonkent@example.com,26,Turks and Caicos Islands,Bowers-Davis,Horticultural therapist,2025-07-30
326,Jessica,Stafford,swansondavid@example.com,31,Uzbekistan,Smith Inc,"Engineer, manufacturing systems",2023-08-26
327,Jerry,Flores,andersoncody@example.net,36,Bahrain,Glover-Goodwin,"Horticulturist, commercial",2021-06-07
328,James,Schroeder,james28@example.net,35,Jersey,Middleton Ltd,Forest/woodland manager,2023-07-03
329,Caitlyn,Dean,andrew57@example.org,47,Colombia,Molina LLC,"Civil engineer, consulting",2021-06-14
330,James,Ramirez,edgarspencer@example.net,35,Bouvet Island (Bouvetoya),Gonzalez LLC,Land/geomatics surveyor,2024-12-21
331,Brian,Jackson,lacey82@example.net,25,Romania,"Wiggins, Coleman and Hubbard",Dealer,2021-08-10
332,Yvonne,Martin,johnsonbryan@example.com,44,Japan,"Elliott, Davis and Taylor",Commercial horticulturist,2021-05-30
333,Sheri,Lewis,sara63@example.org,41,Cambodia,Rogers-Briggs,Orthoptist,2024-09-17
334,Alexander,Harmon,baileyashley@example.com,22,Belize,Lewis and Sons,"Horticulturist, amenity",2022-11-02
335,Lisa,Ramirez,jennifer61@example.org,65,Cook Islands,Jackson Group,Petroleum engineer,2022-02-13
336,Ronald,Morgan,alex25@example.org,40,Azerbaijan,Henry Group,Occupational hygienist,2021-12-11
337,George,Johnson,carladavis@example.com,63,Marshall Islands,Gray-King,Farm manager,2021-01-12
338,Vincent,Reeves,henry52@example.org,48,Christmas Island,Martin Inc,Learning disability nurse,2021-01-14
339,Lydia,Wilson,stevensonshannon@example.net,46,Thailand,Galloway PLC,"Engineer, broadcasting (operations)",2025-05-07
340,Benjamin,Thompson,matthew69@example.org,63,Guinea,"Santos, Pacheco and Jordan","Surveyor, quantity",2023-12-06
341,Dana,Ross,phampton@example.net,32,Australia,Solomon Group,Visual merchandiser,2021-10-30
342,Anna,Carter,hugheschristina@example.com,67,Afghanistan,Smith Ltd,Arts development officer,2023-01-22
343,Brittney,Alvarez,michaelparker@example.net,20,Bosnia and Herzegovina,"Aguirre, Hoffman and Fisher","Psychologist, counselling",2024-09-29
344,Dorothy,Foster,ksullivan@example.org,68,Lebanon,Duncan Ltd,Systems analyst,2022-12-18
345,Brian,Gallagher,johnlara@example.net,33,Chile,"Guerra, Brown and Thompson",Midwife,2025-06-08
346,Alicia,Nichols,wesley23@example.com,24,Cook Islands,Mckinney-Salazar,"Production designer, theatre/television/film",2024-06-16
347,Timothy,Smith,sellersmeghan@example.net,62,India,James Ltd,Landscape architect,2025-02-02
348,David,Stevens,kenneth39@example.net,63,Bosnia and Herzegovina,Turner-Wagner,"Education officer, community",2021-02-03
349,Meredith,Smith,soliscynthia@example.org,28,Congo,Smith-Hines,Gaffer,2023-08-05
350,David,Baker,timothy11@example.com,23,Netherlands Antilles,"Vang, Lewis and Baker","Optician, dispensing",2023-04-02
351,Donald,Heath,tyler63@example.net,30,Serbia,Mooney-Dawson,Actuary,2025-08-08
352,Phillip,Torres,pmeyers@example.org,21,United States Minor Outlying Islands,"Johnson, Coffey and Garcia",Food technologist,2021-03-03
353,Paula,Hall,joseph63@example.org,36,Poland,Simpson-Mcdonald,"Accountant, chartered public finance",2023-08-05
354,Christy,Davies,hillkimberly@example.org,59,Libyan Arab Jamahiriya,"Grant, Jones and Brown",Materials engineer,2024-10-20
355,Lawrence,Smith,eross@example.net,36,Faroe Islands,Mcclure-Johnson,Clinical psychologist,2022-12-20
356,Connie,Allen,thomassheppard@example.org,54,Saint Helena,"Cox, Wheeler and Parrish",Holiday representative,2023-03-09
357,Katie,Smith,pschmidt@example.net,36,Sao Tome and Principe,"Franklin, Mercado and Knight",Industrial/product designer,2025-04-16
358,Laura,Hampton,powellryan@example.com,62,Vietnam,"Foster, Hale and King",Further education lecturer,2025-04-14
359,Brad,Davis,ngarcia@example.org,52,Bahrain,Moore LLC,General practice doctor,2021-08-27
360,Christopher,Aguilar,khicks@example.com,46,Russian Federation,Thomas PLC,Higher education lecturer,2022-06-03
361,Nicholas,Saunders,nicholas34@example.com,25,Norfolk Island,Hartman-Henry,Personal assistant,2024-06-20
362,Bryan,Robinson,michaelpage@example.org,22,Thailand,Parker PLC,Radio producer,2022-05-02
363,Melissa,Perry,seth39@example.com,19,Saint Kitts and Nevis,Austin Group,Tourism officer,2021-05-11
364,Ricardo,Williams,wrightjacqueline@example.net,36,Germany,Bradford-Simmons,Health physicist,2023-05-27
365,Charles,Zamora,deniselopez@example.org,48,Kenya,Garcia Ltd,"Producer, television/film/video",2021-12-03
366,Jimmy,Vang,chernandez@example.com,58,Comoros,Powers Group,Learning mentor,2021-05-25
367,Robert,Scott,bryan61@example.com,47,Iraq,Gibson Inc,English as a foreign language teacher,2021-03-12
368,Earl,Elliott,terriwhite@example.net,49,Afghanistan,Stewart-Hawkins,Seismic interpreter,2024-03-04
369,Holly,Myers,kenneth07@example.org,30,Malta,Garcia-Singleton,Optometrist,2022-01-23
370,Aimee,Aguilar,stevenschristopher@example.org,18,Tajikistan,Orozco Ltd,"Runner, broadcasting/film/video",2022-01-10
371,Sarah,Smith,stevenschneider@example.net,34,Costa Rica,Baker-Williams,Dispensing optician,2022-01-08
372,Ryan,Campbell,andrea86@example.org,24,Sri Lanka,"Oconnor, Jones and Watson",Teaching laboratory technician,2022-01-18
373,Kenneth,Copeland,matthew87@example.com,43,Guadeloupe,Daniels PLC,"Solicitor, Scotland",2021-04-25
374,Bryan,Morris,tcook@example.net,21,United States Virgin Islands,"Caldwell, Nelson and Williams","Teacher, special educational needs",2024-10-18
375,Amy,Morgan,tinaatkins@example.org,54,Saint Pierre and Miquelon,"Cortez, Medina and Mitchell",Adult guidance worker,2023-11-12
376,Vanessa,Parker,anthony35@example.net,46,Tokelau,Briggs-Spence,Mental health nurse,2021-03-27
377,Kristin,Ross,wrighttaylor@example.org,27,Mexico,Arnold-Diaz,Dealer,2024-12-15
378,Jodi,Woods,danielsheather@example.org,33,Bahamas,"Baker, Marsh and Torres","Engineer, aeronautical",2021-03-08
379,Marco,Yates,jeffreyphillips@example.net,21,Sierra Leone,Brown Group,Comptroller,2022-07-14
380,Anthony,Morales,acevedosean@example.com,20,French Southern Territories,Peterson LLC,"Secretary, company",2025-08-21
381,Brenda,Hernandez,petersonjocelyn@example.com,32,Colombia,"Montgomery, Hernandez and Tapia","Buyer, retail",2025-08-17
382,Regina,Dawson,thompsonamy@example.org,59,Somalia,"Miller, Wolf and Dudley",Tree surgeon,2021-12-08
383,Sheri,Wood,heather08@example.com,38,Montenegro,Perry-Washington,Network engineer,2021-03-24
384,Rose,Lopez,kimharrison@example.net,23,Croatia,"Kelley, Roman and Bennett",Research scientist (life sciences),2026-01-01
385,Dominic,Parrish,jasonbutler@example.com,35,Heard Island and McDonald Islands,"Morales, Valenzuela and Medina",Research scientist (maths),2025-01-24
386,William,Watkins,samantha44@example.org,34,Holy See (Vatican City State),Mata-Montoya,Financial controller,2021-09-27
387,Johnny,Stuart,albertgutierrez@example.net,18,Belgium,Mcintyre-Davis,Field trials officer,2024-04-12
388,Elizabeth,Park,heather92@example.org,27,Chad,Thomas-Odom,Soil scientist,2025-02-06
389,Nicholas,Schneider,jimmy24@example.net,54,Mongolia,Hall-Christensen,Make,2025-11-16
390,Frank,Pope,donnarobinson@example.com,36,Nepal,"Robinson, Chung and Bowers",Technical sales engineer,2025-10-22
391,Gregory,Thompson,emily66@example.org,18,United Arab Emirates,"Watts, Aguilar and Aguilar",Interpreter,2024-10-05
392,David,Cameron,michael08@example.net,68,Argentina,Lewis-Bowman,"Pharmacist, hospital",2025-05-03
393,Justin,Roach,jason37@example.org,22,Gabon,Horton LLC,Best boy,2022-07-09
394,Christopher,Walters,christopher61@example.org,44,Madagascar,Sharp Inc,"Administrator, Civil Service",2025-04-30
395,Jon,Ewing,ztaylor@example.net,64,Cambodia,Marshall and Sons,Financial adviser,2021-11-28
396,Michelle,Harrison,amartinez@example.com,55,Oman,Suarez-Rodriguez,"Journalist, newspaper",2025-08-23
397,George,Jordan,jacqueline93@example.org,35,Namibia,"Jackson, Anderson and Ho",Make,2023-03-26
398,Crystal,Mills,bmedina@example.net,19,Equatorial Guinea,"Cervantes, Jordan and Marshall",Television floor manager,2021-12-10
399,Shannon,Armstrong,rhodge@example.org,40,Monaco,Weaver-Singh,Occupational therapist,2025-01-02
400,Sean,Weaver,schultzmark@example.net,24,Costa Rica,Bishop-Rivera,General practice doctor,2022-06-04
401,Keith,Rodgers,xmcdonald@example.org,62,France,Franklin-Evans,Geochemist,2023-02-27
402,Robert,Rojas,susandavis@example.org,36,Somalia,"Chambers, Lane and Rogers","Pharmacist, hospital",2022-03-07
403,Jimmy,Clark,ysmith@example.org,53,Bahamas,Valdez LLC,Software engineer,2022-10-04
404,Sarah,Sherman,murphykaren@example.com,29,Finland,Miller-Brown,"Engineer, manufacturing systems",2024-11-23
405,Stephen,White,wilsonkatherine@example.org,50,Dominican Republic,"Johnson, Anderson and Garner",Microbiologist,2022-07-18
406,Sara,Rios,mccarthybrittany@example.net,69,India,Clark-Simmons,Mechanical engineer,2023-01-17
407,Alicia,Rivera,anthonymills@example.com,43,Uzbekistan,Bell Group,Textile designer,2024-06-10
408,Elizabeth,Hammond,chasejaclyn@example.org,52,Martinique,"Mccormick, Colon and Burke",Best boy,2025-03-21
409,Justin,Clark,natasha41@example.com,45,Heard Island and McDonald Islands,Douglas LLC,Podiatrist,2021-12-13
410,Brent,Harrison,james11@example.com,23,Netherlands Antilles,"Stevens, Williams and Ray","Engineer, site",2023-03-18
411,Tammy,Buchanan,patrickbates@example.org,42,Mozambique,Marshall Inc,Private music teacher,2022-11-15
412,Patricia,Hensley,richard75@example.com,63,Angola,"Galloway, Murphy and Hardy",Nutritional therapist,2023-09-11
413,Mitchell,Curtis,ndiaz@example.org,47,Luxembourg,"Wood, Mcdonald and Elliott",Health visitor,2021-09-15
414,Amanda,Stephens,allison32@example.org,63,Korea,"Becker, Sawyer and White","Scientist, water quality",2022-09-28
415,Joan,Burton,fmayer@example.net,31,United States Minor Outlying Islands,"Chandler, Allen and Dickson",Agricultural engineer,2021-01-23
416,Barbara,Chen,brucelisa@example.com,51,Luxembourg,Hart-Knight,Commercial/residential surveyor,2024-05-02
417,Patricia,Graves,elliottmichael@example.net,65,Venezuela,"Mooney, Henderson and Brown","Pilot, airline",2025-01-29
418,Joshua,Sullivan,amanda09@example.net,61,Guyana,"Lee, Morgan and Little",Minerals surveyor,2021-07-09
419,Ricardo,Wilkins,duarterachel@example.org,38,Saint Helena,"Benton, Jones and Hill","Engineer, automotive",2021-06-02
420,Eric,Serrano,stephaniestone@example.com,29,Kiribati,"Allen, Hunter and Bowman",Community pharmacist,2023-12-25
421,Eric,Knight,savannah90@example.org,56,Slovenia,Kent and Sons,"Production assistant, radio",2021-09-22
422,Sean,Chambers,maciascharles@example.com,32,Sri Lanka,Lopez-Malone,"Pharmacist, community",2024-01-11
423,Ryan,Estrada,martin26@example.org,46,Hong Kong,Smith and Sons,"Designer, furniture",2022-05-14
424,Stephen,Brown,jennifermoore@example.net,49,Aruba,"Davis, Barajas and Obrien","Conservation officer, nature",2023-07-04
425,Eric,Hammond,cassandra94@example.org,50,Korea,"Lee, Pacheco and Harris",Commercial horticulturist,2023-03-25
426,Paul,Novak,ann14@example.net,40,United States Minor Outlying Islands,Baker-Blankenship,"Scientist, biomedical",2025-08-13
427,Mariah,Ryan,choichristopher@example.org,30,Congo,Cruz Group,Special effects artist,2025-01-03
428,Kathryn,Anderson,samanthaguerra@example.net,50,Grenada,Ruiz and Sons,Set designer,2022-12-22
429,Jesse,Holmes,marieboyd@example.org,44,Northern Mariana Islands,Turner-Garcia,"Clinical scientist, histocompatibility and immunogenetics",2022-03-11
430,Melissa,Brewer,trevor38@example.com,58,Togo,"Wilson, Jones and Stevenson",Forest/woodland manager,2023-01-12
431,David,Mills,danielkerr@example.net,28,Congo,Chen Ltd,Adult guidance worker,2025-02-09
432,Steven,Washington,jorge47@example.net,34,Armenia,Trujillo-Wells,Public librarian,2021-02-01
433,Ronald,Stephens,stacyburns@example.net,54,Cayman Islands,"Jackson, Smith and Edwards",Actor,2023-11-03
434,Kimberly,Powers,daysavannah@example.com,66,Holy See (Vatican City State),"Martin, Freeman and Jimenez",Gaffer,2022-11-11
435,Brittany,Blankenship,brownmegan@example.net,33,Guadeloupe,Davis Group,Electrical engineer,2024-10-09
436,Brittany,Brown,samantha55@example.org,33,Cocos (Keeling) Islands,Reynolds and Sons,Social researcher,2021-04-11
437,Brian,Allen,flynch@example.org,20,Malawi,"Webster, Farley and Miller","Engineer, energy",2024-08-27
438,Daniel,Pierce,gene14@example.net,26,Uganda,"Perry, Leonard and Thompson",Charity officer,2024-08-30
439,Paul,Adams,dillonsmith@example.org,53,Uzbekistan,Chapman-Miller,Environmental consultant,2024-03-08
440,Nicholas,Aguilar,christy20@example.com,42,Papua New Guinea,Yang Inc,Landscape architect,2021-04-29
441,Tracey,Stokes,latoyaweaver@example.com,64,Greece,Norton-Dixon,Adult nurse,2024-06-02
442,Timothy,Cannon,stephanieblair@example.org,34,Palau,Lopez and Sons,"Copywriter, advertising",2025-02-12
443,James,Buckley,cohenelizabeth@example.com,38,Faroe Islands,"Atkinson, Phillips and Thornton","Biochemist, clinical",2024-05-31
444,Katherine,Miller,smithharry@example.net,70,Greece,Stafford LLC,Surgeon,2024-04-15
445,Melissa,Vega,dawnnelson@example.net,66,Solomon Islands,Serrano Group,Occupational hygienist,2021-03-22
446,William,Khan,annettelawson@example.net,26,Cayman Islands,Parker and Sons,"Engineer, structural",2022-01-28
447,Katherine,Gilbert,wagnererin@example.org,40,Christmas Island,Collins and Sons,"Geologist, engineering",2025-10-23
448,Kenneth,Greene,emilyhodge@example.com,21,Iraq,Diaz Inc,Retail merchandiser,2025-04-11
449,Rebecca,Scott,phillipsjoseph@example.org,53,South Georgia and the South Sandwich Islands,"Webb, Griffith and Davis",Dispensing optician,2022-11-18
450,Abigail,Gonzalez,sheliamolina@example.com,30,Belize,Bailey-Morris,Osteopath,2024-09-18
451,Rhonda,Moon,nserrano@example.net,28,South Africa,Flynn-Miller,"Librarian, academic",2022-12-02
452,Arthur,Wolfe,diana84@example.net,53,Ireland,Carter-Davidson,Wellsite geologist,2025-12-18
453,Maria,Pugh,gina35@example.com,48,Korea,"Elliott, Sandoval and Sanchez",Environmental manager,2024-04-08
454,Evan,White,stacey82@example.org,56,Ghana,Simmons LLC,Systems analyst,2022-03-08
455,Laura,Contreras,aglenn@example.org,23,French Guiana,Thomas-Rosales,"Engineer, electrical",2024-12-26
456,Vickie,Collins,cisnerosbrian@example.com,39,Niue,Mosley-Miller,Network engineer,2024-01-01
457,Diane,Clark,fthompson@example.com,23,Malta,"Hayes, Leonard and Cuevas",Plant breeder/geneticist,2024-04-13
458,Joel,Melton,stanleytodd@example.org,30,Western Sahara,Jones-Galvan,Curator,2022-06-16
459,Brian,Browning,eric46@example.org,49,Jordan,"Murray, Kelly and Scott","Designer, ceramics/pottery",2022-12-31
460,Lisa,Lewis,michaelsmith@example.org,51,Gabon,Lewis LLC,Tourism officer,2024-03-19
461,Gina,Thompson,stefaniecampbell@example.net,19,Grenada,Wilcox and Sons,Web designer,2022-03-25
462,Christopher,Watson,uharris@example.org,54,Italy,Carter Group,"Engineer, agricultural",2021-05-22
463,Thomas,Smith,michellejones@example.com,70,Malaysia,"Castaneda, Green and Hughes",Chartered loss adjuster,2023-04-22
464,Alexander,Lopez,richardsonandrew@example.org,70,Equatorial Guinea,Sanders LLC,"Investment banker, corporate",2021-05-03
465,Charles,Cooper,ewilliams@example.net,65,Congo,Henson-Hansen,Holiday representative,2021-04-23
466,Melinda,Randolph,kimberlyhaynes@example.com,19,Mozambique,Richardson-Welch,Conference centre manager,2022-12-30
467,Erik,Hale,sharonferguson@example.org,31,Tanzania,Aguilar-Best,IT trainer,2023-07-26
468,Sydney,Robinson,joseph21@example.com,45,Puerto Rico,"Gordon, Hancock and Holmes","Engineer, agricultural",2022-06-29
469,Vincent,Martin,hughesrebecca@example.com,18,Slovakia (Slovak Republic),"Gaines, Robertson and Douglas",Copy,2024-08-19
470,Arthur,Brown,debrafrank@example.net,42,Uganda,"Bowman, Green and Hughes",Public librarian,2021-02-23
471,Courtney,Perez,robertskathryn@example.com,69,Poland,"Humphrey, Watkins and Johnson",Cartographer,2022-12-22
472,Christopher,Vaughan,jenningswilliam@example.com,51,Ukraine,Moore-Jones,Armed forces training and education officer,2025-09-25
473,Joseph,Proctor,heathercarpenter@example.net,31,Ghana,Roach-Rodriguez,"Teacher, early years/pre",2025-12-17
474,Brenda,Sims,tamara23@example.net,56,Nauru,Smith-Garza,Analytical chemist,2023-12-11
475,Jessica,Fox,johnsonallison@example.net,36,Ethiopia,Cole Inc,Civil Service administrator,2021-06-15
476,Gary,Carter,josesanchez@example.net,38,Holy See (Vatican City State),Garcia-Adams,Ship broker,2023-11-01
477,David,Williams,berrybernard@example.org,45,Dominican Republic,"Nelson, Elliott and Riddle",Database administrator,2024-02-27
478,Mark,Wilson,weaverdestiny@example.org,56,Russian Federation,"Andrews, Diaz and Patrick",Arboriculturist,2023-02-25
479,Ashley,Wilson,coreytucker@example.net,32,Morocco,Lopez Ltd,Logistics and distribution manager,2022-12-07
480,Samuel,Hall,brandall@example.com,34,Antigua and Barbuda,Townsend-Hall,Consulting civil engineer,2021-10-14
481,Natalie,Robinson,vgilmore@example.com,52,Andorra,Williams PLC,"Engineer, electronics",2025-01-11
482,Cindy,Robles,ihenson@example.com,32,Serbia,"Cole, Mccarty and Cole",Meteorologist,2021-03-31
483,Gerald,Andrews,tyler21@example.org,69,Oman,"Mills, Jackson and Todd",Equality and diversity officer,2025-03-08
484,Shelby,Lynch,derekrogers@example.net,62,Nigeria,"Velez, Wilson and Gregory",Agricultural consultant,2022-11-02
485,Katherine,Dodson,ojohnson@example.net,27,Micronesia,Bradley and Sons,"Buyer, industrial",2021-08-18
486,Brian,Mason,brownjulie@example.net,68,Bangladesh,"Lawrence, Nelson and Gomez",Patent attorney,2021-06-30
487,Brittany,Chandler,brettortiz@example.com,50,Norway,Gregory PLC,Tax adviser,2024-07-27
488,Melanie,Martin,iwalker@example.org,18,Belarus,Skinner-Sanchez,"Journalist, newspaper",2024-05-02
489,Jason,Stone,bbarber@example.net,58,Liberia,Lloyd LLC,General practice doctor,2021-02-15
490,Brandon,Pierce,peggywilliams@example.net,51,Saint Pierre and Miquelon,Braun and Sons,Claims inspector/assessor,2023-07-12
491,Scott,Farmer,vdelgado@example.net,37,Portugal,Jones-Peters,Ceramics designer,2024-09-20
492,Kim,Miller,jerryluna@example.com,69,Yemen,Cook-Henderson,Fast food restaurant manager,2024-08-13
493,Kathy,Mcdaniel,ashley51@example.net,42,Peru,Morse-Barnes,Magazine journalist,2024-02-03
494,Mark,Brown,tara66@example.com,48,Netherlands Antilles,Monroe-Weiss,"Pilot, airline",2021-08-12
495,Jonathan,Garrett,wmurray@example.com,49,Liechtenstein,Peck-Turner,"Pharmacist, hospital",2024-03-05
496,Brooke,Martinez,arthurperez@example.net,50,Algeria,Green-Butler,Barrister,2023-04-16
497,Chase,Wood,hodgecharles@example.com,22,Western Sahara,Blankenship and Sons,"Designer, ceramics/pottery",2023-03-20
498,Troy,Montgomery,annthornton@example.net,48,Cocos (Keeling) Islands,Barrera-Rhodes,Customer service manager,2022-06-06
499,Sarah,Herring,omills@example.org,36,Armenia,Goodwin LLC,"Doctor, hospital",2025-11-03
500,Benjamin,Smith,tshelton@example.org,51,Montserrat,Nelson-Olson,"Librarian, public",2025-07-30
